InvoiceDate,Country,ProductName,Quantity,UnitPrice
2022-01-01,United Kingdom,Sports Watch,8,78.76
2022-01-01,Spain,Smartphone Case,7,33.81
2022-01-01,France,Sunglasses,4,96.58
2022-01-02,United Kingdom,Sunglasses,1,33.37
2022-01-02,Spain,Red T-shirt,5,19.67
2022-01-03,Netherlands,Sports Watch,2,58.19
2022-01-03,Germany,Running Shoes,1,65.59
2022-01-06,Netherlands,Running Shoes,9,96.83
2022-01-07,United Kingdom,Wireless Earbuds,6,62.09
2022-01-07,United Kingdom,Red T-shirt,9,28.41
2022-01-08,United Kingdom,Smartphone Case,4,87.56
2022-01-08,Netherlands,Wireless Earbuds,5,13.66
2022-01-10,France,Backpack,3,63.61
2022-01-11,Spain,Smartphone Case,5,98.93
2022-01-11,Spain,Running Shoes,1,36.62
2022-01-12,Netherlands,Running Shoes,2,65.2
2022-01-12,Germany,Red T-shirt,4,66.12
2022-01-12,Spain,Running Shoes,7,29.79
2022-01-13,Germany,Smartphone Case,4,30.34
2022-01-15,Spain,Running Shoes,9,39.31
2022-01-16,Germany,Smartphone Case,1,61.16
2022-01-16,Germany,Sports Watch,4,79.17
2022-01-17,United Kingdom,Sunglasses,7,28.9
2022-01-17,Spain,Running Shoes,7,27.87
2022-01-18,Netherlands,Wireless Earbuds,7,30.3
2022-01-20,United Kingdom,Blue Jeans,9,30.3
2022-01-21,United Kingdom,Blue Jeans,2,54.9
2022-01-21,France,Backpack,4,90.11
2022-01-22,United Kingdom,Sports Watch,1,92.51
2022-01-22,Germany,Sunglasses,7,76.15
2022-01-23,France,Running Shoes,6,88.52
2022-01-24,Netherlands,Sports Watch,4,31.57
2022-01-24,Germany,Blue Jeans,6,86.27
2022-01-25,Spain,Sunglasses,4,5.07
2022-01-26,Spain,Sunglasses,5,64.79
2022-01-26,United Kingdom,Smartphone Case,5,66.61
2022-01-27,United Kingdom,Red T-shirt,4,86.14
2022-01-28,Spain,Wireless Earbuds,7,94.79
2022-01-28,France,Sunglasses,7,43.44
2022-01-28,United Kingdom,Sunglasses,6,80.74
2022-01-28,Germany,Blue Jeans,6,95.35
2022-01-29,Spain,Sports Watch,8,42.33
2022-01-30,United Kingdom,Sunglasses,1,55.19
2022-01-30,United Kingdom,Wireless Earbuds,9,54.7
2022-01-31,France,Wireless Earbuds,8,24.58
2022-01-31,Netherlands,Sunglasses,8,28.17
2022-01-31,United Kingdom,Smartphone Case,4,90.31
2022-01-31,Spain,Backpack,5,37.49
2022-02-01,Netherlands,Blue Jeans,9,77.44
2022-02-01,United Kingdom,Sunglasses,2,98.48
2022-02-01,France,Wireless Earbuds,6,48.05
2022-02-01,Netherlands,Red T-shirt,4,53.46
2022-02-02,Netherlands,Smartphone Case,7,53.75
2022-02-02,Spain,Smartphone Case,9,12.21
2022-02-02,Germany,Wireless Earbuds,9,79.24
2022-02-02,France,Sunglasses,5,48.42
2022-02-04,Spain,Smartphone Case,5,85.64
2022-02-05,Germany,Running Shoes,2,57.26
2022-02-05,Spain,Wireless Earbuds,5,75.01
2022-02-06,France,Red T-shirt,8,40.27
2022-02-06,United Kingdom,Smartphone Case,6,78.27
2022-02-07,Germany,Sunglasses,2,49.71
2022-02-08,Spain,Smartphone Case,8,76.22
2022-02-13,Germany,Smartphone Case,3,13.01
2022-02-15,France,Sunglasses,2,43.3
2022-02-16,Spain,Red T-shirt,4,28.04
2022-02-17,Germany,Running Shoes,1,95.78
2022-02-17,Netherlands,Smartphone Case,3,53.69
2022-02-17,United Kingdom,Blue Jeans,2,10.36
2022-02-18,United Kingdom,Sports Watch,1,93.3
2022-02-18,Spain,Blue Jeans,8,7.6
2022-02-18,United Kingdom,Running Shoes,7,94.07
2022-02-18,Germany,Red T-shirt,2,20.63
2022-02-18,France,Running Shoes,8,13.3
2022-02-19,United Kingdom,Wireless Earbuds,2,79.96
2022-02-19,Spain,Wireless Earbuds,3,71.64
2022-02-20,Germany,Smartphone Case,2,5.47
2022-02-21,Spain,Red T-shirt,8,59.13
2022-02-21,Spain,Blue Jeans,6,85.28
2022-02-21,Netherlands,Sunglasses,7,51.34
2022-02-23,Germany,Blue Jeans,7,10.79
2022-02-24,France,Blue Jeans,9,59.48
2022-02-24,France,Smartphone Case,1,14.3
2022-02-24,Netherlands,Smartphone Case,3,48.38
2022-02-25,United Kingdom,Smartphone Case,8,51.08
2022-02-25,Netherlands,Red T-shirt,4,10.9
2022-02-27,Germany,Backpack,8,22.62
2022-02-27,United Kingdom,Sports Watch,8,35.9
2022-02-28,France,Wireless Earbuds,4,9.34
2022-03-01,Netherlands,Smartphone Case,8,81.36
2022-03-03,Germany,Smartphone Case,8,59.92
2022-03-03,France,Backpack,3,93.55
2022-03-04,Netherlands,Smartphone Case,6,64.03
2022-03-04,United Kingdom,Backpack,9,39.79
2022-03-04,Germany,Sunglasses,2,18.72
2022-03-04,Netherlands,Wireless Earbuds,8,35.3
2022-03-05,France,Running Shoes,3,69.75
2022-03-05,Netherlands,Running Shoes,8,92.5
2022-03-05,Germany,Running Shoes,8,28.87
2022-03-06,France,Red T-shirt,3,9.22
2022-03-06,Germany,Red T-shirt,1,52.5
2022-03-07,United Kingdom,Sports Watch,2,64.6
2022-03-07,Netherlands,Red T-shirt,7,26.49
2022-03-07,Germany,Smartphone Case,4,11.88
2022-03-09,Netherlands,Running Shoes,6,72.6
2022-03-11,Spain,Sunglasses,9,85.69
2022-03-12,France,Wireless Earbuds,2,76.37
2022-03-12,Spain,Sports Watch,3,72.08
2022-03-13,United Kingdom,Running Shoes,9,80.03
2022-03-13,Germany,Sunglasses,6,28.14
2022-03-14,Netherlands,Smartphone Case,9,30.62
2022-03-14,Netherlands,Blue Jeans,3,54.78
2022-03-14,France,Red T-shirt,5,59.53
2022-03-15,France,Running Shoes,6,33.34
2022-03-17,France,Sports Watch,8,30.36
2022-03-18,Netherlands,Red T-shirt,3,30.02
2022-03-18,Spain,Wireless Earbuds,1,39.47
2022-03-19,United Kingdom,Running Shoes,8,66.89
2022-03-19,United Kingdom,Running Shoes,3,39.82
2022-03-19,Spain,Wireless Earbuds,7,29.37
2022-03-20,Germany,Backpack,5,98.55
2022-03-20,Germany,Wireless Earbuds,4,69.2
2022-03-20,Netherlands,Blue Jeans,3,16.65
2022-03-20,United Kingdom,Sports Watch,5,78.5
2022-03-20,Netherlands,Blue Jeans,5,34.59
2022-03-21,United Kingdom,Backpack,7,71.15
2022-03-23,France,Red T-shirt,3,29.52
2022-03-23,Spain,Sports Watch,6,41.72
2022-03-23,France,Blue Jeans,3,50.85
2022-03-23,United Kingdom,Sports Watch,4,82.39
2022-03-26,Spain,Sunglasses,4,68.17
2022-03-26,France,Running Shoes,5,19.83
2022-03-28,Germany,Running Shoes,7,5.45
2022-03-29,Germany,Sunglasses,6,14.36
2022-03-30,United Kingdom,Wireless Earbuds,1,50.72
2022-03-31,United Kingdom,Red T-shirt,2,53.45
2022-03-31,Germany,Red T-shirt,2,21.14
2022-03-31,Germany,Running Shoes,1,19.59
2022-03-31,France,Running Shoes,7,89.67
2022-03-31,Germany,Red T-shirt,5,92.51
2022-04-01,Netherlands,Smartphone Case,6,88.96
2022-04-01,Netherlands,Red T-shirt,6,37.79
2022-04-01,France,Smartphone Case,5,96.57
2022-04-02,France,Red T-shirt,3,25.95
2022-04-03,Netherlands,Sunglasses,5,58.64
2022-04-03,France,Running Shoes,3,44.14
2022-04-03,Germany,Wireless Earbuds,3,19.64
2022-04-05,Germany,Red T-shirt,2,61.83
2022-04-05,France,Red T-shirt,2,79.08
2022-04-06,United Kingdom,Backpack,7,97.88
2022-04-07,Netherlands,Sunglasses,2,19.15
2022-04-07,Netherlands,Sunglasses,3,17.04
2022-04-07,France,Running Shoes,6,77.7
2022-04-07,United Kingdom,Wireless Earbuds,3,10.89
2022-04-07,Netherlands,Backpack,5,79.55
2022-04-09,France,Smartphone Case,8,57.33
2022-04-09,Netherlands,Running Shoes,3,25.66
2022-04-11,United Kingdom,Backpack,3,50.64
2022-04-12,Netherlands,Backpack,4,27.2
2022-04-12,United Kingdom,Red T-shirt,7,93.39
2022-04-12,Netherlands,Smartphone Case,6,88.8
2022-04-12,Netherlands,Wireless Earbuds,6,16.22
2022-04-13,France,Sunglasses,2,68.92
2022-04-14,Germany,Running Shoes,6,70.32
2022-04-14,Netherlands,Wireless Earbuds,8,63.72
2022-04-15,France,Running Shoes,8,80.74
2022-04-18,Germany,Wireless Earbuds,7,49.57
2022-04-19,Germany,Sunglasses,5,81.91
2022-04-19,United Kingdom,Backpack,1,80.66
2022-04-20,Netherlands,Blue Jeans,6,94.84
2022-04-21,Germany,Red T-shirt,1,52.86
2022-04-21,Germany,Wireless Earbuds,9,10.55
2022-04-22,United Kingdom,Backpack,7,78.27
2022-04-24,Netherlands,Red T-shirt,1,48.61
2022-04-24,Germany,Wireless Earbuds,9,65.41
2022-04-24,France,Backpack,6,13.71
2022-04-25,Netherlands,Running Shoes,1,88.47
2022-04-26,Spain,Running Shoes,1,97.44
2022-04-26,Germany,Running Shoes,5,93.43
2022-04-26,France,Smartphone Case,9,46.41
2022-04-27,France,Sunglasses,7,50.57
2022-04-27,United Kingdom,Backpack,9,48.43
2022-04-28,Netherlands,Smartphone Case,4,67.43
2022-04-28,Spain,Wireless Earbuds,8,51.07
2022-04-28,Germany,Running Shoes,7,73.91
2022-04-28,Germany,Wireless Earbuds,6,73.35
2022-04-30,France,Sports Watch,9,80.31
2022-04-30,United Kingdom,Running Shoes,2,28.44
2022-05-01,Spain,Sunglasses,7,25.07
2022-05-02,Netherlands,Sunglasses,8,41.32
2022-05-02,France,Wireless Earbuds,6,42.96
2022-05-03,France,Blue Jeans,3,79.76
2022-05-03,Netherlands,Smartphone Case,5,41.88
2022-05-05,France,Running Shoes,5,41.65
2022-05-05,Spain,Sports Watch,7,50.76
2022-05-06,Spain,Blue Jeans,3,36.06
2022-05-08,Netherlands,Sports Watch,6,74.05
2022-05-08,United Kingdom,Blue Jeans,5,36.35
2022-05-09,United Kingdom,Running Shoes,7,31.44
2022-05-10,Spain,Wireless Earbuds,5,86.73
2022-05-10,France,Backpack,1,14.63
2022-05-12,United Kingdom,Smartphone Case,9,89.91
2022-05-13,Netherlands,Sunglasses,2,44.31
2022-05-16,France,Smartphone Case,1,66.25
2022-05-19,Germany,Blue Jeans,2,82.33
2022-05-19,France,Red T-shirt,7,6.4
2022-05-20,United Kingdom,Running Shoes,7,56.47
2022-05-21,Germany,Sunglasses,8,73.02
2022-05-22,France,Smartphone Case,3,18.94
2022-05-22,France,Sunglasses,7,37.14
2022-05-23,France,Red T-shirt,2,53.64
2022-05-23,Germany,Wireless Earbuds,4,72.64
2022-05-24,Spain,Sports Watch,7,79.75
2022-05-26,Germany,Red T-shirt,1,32.47
2022-05-26,Spain,Backpack,9,39.29
2022-05-27,France,Sunglasses,6,18.82
2022-05-27,Spain,Sports Watch,7,85.15
2022-05-27,United Kingdom,Sports Watch,2,77.2
2022-05-28,Netherlands,Backpack,5,90.22
2022-05-28,Germany,Running Shoes,9,61.13
2022-05-28,France,Wireless Earbuds,5,95.83
2022-05-28,Spain,Sunglasses,4,35.98
2022-05-29,United Kingdom,Sports Watch,3,53.73
2022-05-30,Spain,Running Shoes,2,70.06
2022-05-30,United Kingdom,Running Shoes,3,23.68
2022-06-01,Netherlands,Running Shoes,2,20.0
2022-06-01,United Kingdom,Running Shoes,9,59.46
2022-06-03,Germany,Blue Jeans,4,67.44
2022-06-03,France,Blue Jeans,6,97.87
2022-06-04,Spain,Sunglasses,8,94.0
2022-06-04,Spain,Smartphone Case,5,24.1
2022-06-06,Spain,Backpack,3,42.31
2022-06-06,United Kingdom,Wireless Earbuds,8,47.44
2022-06-07,Netherlands,Running Shoes,1,11.87
2022-06-07,United Kingdom,Red T-shirt,8,27.5
2022-06-08,Germany,Sports Watch,5,75.42
2022-06-09,Netherlands,Red T-shirt,8,61.22
2022-06-09,Spain,Blue Jeans,1,87.64
2022-06-10,United Kingdom,Running Shoes,9,23.99
2022-06-10,Netherlands,Running Shoes,7,45.45
2022-06-11,Spain,Wireless Earbuds,5,53.05
2022-06-11,Netherlands,Sunglasses,1,57.4
2022-06-11,France,Smartphone Case,1,81.26
2022-06-13,Netherlands,Sports Watch,2,35.2
2022-06-15,United Kingdom,Running Shoes,4,14.3
2022-06-17,France,Red T-shirt,4,79.49
2022-06-17,Netherlands,Red T-shirt,8,5.75
2022-06-17,Germany,Backpack,2,48.99
2022-06-18,France,Blue Jeans,7,59.78
2022-06-19,Spain,Sunglasses,6,72.35
2022-06-19,Germany,Red T-shirt,1,78.24
2022-06-19,France,Blue Jeans,2,55.01
2022-06-20,United Kingdom,Smartphone Case,3,11.06
2022-06-21,Spain,Running Shoes,9,48.49
2022-06-21,Netherlands,Smartphone Case,9,48.55
2022-06-21,Spain,Red T-shirt,3,11.29
2022-06-22,Netherlands,Sports Watch,1,28.05
2022-06-23,United Kingdom,Red T-shirt,1,90.6
2022-06-24,Germany,Wireless Earbuds,6,48.36
2022-06-28,France,Red T-shirt,9,8.71
2022-06-29,Spain,Red T-shirt,4,95.01
2022-06-30,Netherlands,Blue Jeans,1,28.81
2022-07-01,United Kingdom,Blue Jeans,8,52.67
2022-07-02,Germany,Sunglasses,9,9.45
2022-07-05,France,Running Shoes,4,9.15
2022-07-05,United Kingdom,Sunglasses,4,74.45
2022-07-05,France,Running Shoes,1,8.0
2022-07-06,Spain,Smartphone Case,1,45.97
2022-07-06,Germany,Red T-shirt,7,90.92
2022-07-08,Netherlands,Wireless Earbuds,3,33.52
2022-07-08,United Kingdom,Smartphone Case,9,5.92
2022-07-09,Spain,Running Shoes,6,60.54
2022-07-14,Germany,Sunglasses,8,27.85
2022-07-14,United Kingdom,Sunglasses,4,23.03
2022-07-14,France,Blue Jeans,7,39.51
2022-07-16,Germany,Wireless Earbuds,5,77.98
2022-07-17,United Kingdom,Smartphone Case,7,11.49
2022-07-18,Netherlands,Running Shoes,1,45.52
2022-07-19,France,Backpack,5,78.93
2022-07-19,Netherlands,Backpack,4,21.81
2022-07-19,Germany,Running Shoes,3,66.66
2022-07-20,France,Sports Watch,8,30.2
2022-07-21,United Kingdom,Red T-shirt,5,44.43
2022-07-21,Netherlands,Smartphone Case,6,17.13
2022-07-21,Spain,Backpack,9,64.33
2022-07-21,France,Wireless Earbuds,4,97.07
2022-07-21,Spain,Smartphone Case,9,45.36
2022-07-22,United Kingdom,Backpack,7,52.25
2022-07-22,Spain,Smartphone Case,3,12.12
2022-07-22,France,Sports Watch,7,85.57
2022-07-23,Netherlands,Red T-shirt,6,26.61
2022-07-29,France,Red T-shirt,4,59.12
2022-07-30,Germany,Running Shoes,9,14.28
2022-07-30,Netherlands,Running Shoes,8,51.8
2022-08-02,United Kingdom,Sunglasses,8,93.45
2022-08-02,France,Red T-shirt,6,70.4
2022-08-03,United Kingdom,Smartphone Case,7,80.52
2022-08-05,Spain,Smartphone Case,4,57.28
2022-08-06,France,Smartphone Case,8,49.65
2022-08-07,United Kingdom,Red T-shirt,2,31.52
2022-08-07,France,Wireless Earbuds,4,24.39
2022-08-11,France,Smartphone Case,4,61.62
2022-08-12,Netherlands,Sports Watch,2,83.57
2022-08-12,United Kingdom,Sunglasses,4,47.19
2022-08-13,France,Blue Jeans,9,67.99
2022-08-13,Netherlands,Sunglasses,2,75.64
2022-08-14,Germany,Sunglasses,3,37.29
2022-08-14,United Kingdom,Blue Jeans,9,17.95
2022-08-15,Netherlands,Blue Jeans,2,40.95
2022-08-15,France,Red T-shirt,3,52.08
2022-08-16,Germany,Sunglasses,6,42.01
2022-08-16,Germany,Sunglasses,3,97.6
2022-08-16,Netherlands,Smartphone Case,2,92.13
2022-08-17,France,Blue Jeans,1,53.89
2022-08-17,Netherlands,Wireless Earbuds,6,83.95
2022-08-19,Netherlands,Sports Watch,6,52.0
2022-08-19,France,Sports Watch,6,53.02
2022-08-21,Netherlands,Blue Jeans,7,77.57
2022-08-22,Germany,Backpack,4,24.82
2022-08-22,Germany,Wireless Earbuds,1,97.97
2022-08-23,Netherlands,Smartphone Case,5,76.62
2022-08-23,United Kingdom,Running Shoes,4,38.29
2022-08-23,United Kingdom,Running Shoes,3,87.93
2022-08-23,France,Smartphone Case,9,48.12
2022-08-24,Germany,Sports Watch,2,60.63
2022-08-24,France,Sunglasses,7,62.15
2022-08-24,Netherlands,Smartphone Case,8,82.07
2022-08-26,Germany,Blue Jeans,8,39.33
2022-08-28,United Kingdom,Blue Jeans,4,56.29
2022-08-28,France,Running Shoes,2,71.31
2022-08-29,Netherlands,Sports Watch,2,99.76
2022-08-30,Spain,Blue Jeans,1,78.85
2022-08-30,France,Red T-shirt,1,61.58
2022-08-31,United Kingdom,Wireless Earbuds,4,95.1
2022-09-02,United Kingdom,Wireless Earbuds,4,57.5
2022-09-03,France,Wireless Earbuds,7,49.02
2022-09-03,Spain,Running Shoes,4,92.6
2022-09-04,France,Running Shoes,3,80.09
2022-09-05,Spain,Backpack,1,78.4
2022-09-06,Spain,Smartphone Case,3,97.59
2022-09-07,France,Sports Watch,6,76.54
2022-09-08,Germany,Wireless Earbuds,2,96.29
2022-09-09,Germany,Sunglasses,6,47.77
2022-09-09,Spain,Running Shoes,7,62.17
2022-09-10,France,Red T-shirt,1,28.89
2022-09-10,Spain,Wireless Earbuds,8,98.54
2022-09-11,Spain,Backpack,3,40.83
2022-09-11,France,Wireless Earbuds,6,10.46
2022-09-13,Spain,Blue Jeans,1,66.01
2022-09-14,Netherlands,Sunglasses,6,52.17
2022-09-14,Netherlands,Sunglasses,3,48.01
2022-09-16,United Kingdom,Red T-shirt,9,86.14
2022-09-16,France,Sunglasses,8,16.16
2022-09-16,France,Red T-shirt,6,69.32
2022-09-16,Spain,Sports Watch,5,80.08
2022-09-16,France,Red T-shirt,2,74.11
2022-09-17,Netherlands,Red T-shirt,5,66.49
2022-09-17,Spain,Sports Watch,7,95.59
2022-09-18,United Kingdom,Smartphone Case,8,99.99
2022-09-18,France,Backpack,8,55.9
2022-09-18,Spain,Running Shoes,1,10.84
2022-09-18,United Kingdom,Wireless Earbuds,8,62.16
2022-09-19,France,Red T-shirt,1,80.46
2022-09-20,Germany,Sunglasses,6,89.18
2022-09-20,France,Wireless Earbuds,6,82.26
2022-09-20,Netherlands,Wireless Earbuds,6,63.14
2022-09-22,France,Sunglasses,5,52.64
2022-09-23,France,Wireless Earbuds,4,22.24
2022-09-24,United Kingdom,Backpack,8,42.64
2022-09-25,France,Sports Watch,3,86.21
2022-09-26,Netherlands,Running Shoes,1,49.16
2022-09-27,Germany,Sports Watch,1,25.98
2022-09-27,France,Wireless Earbuds,8,60.9
2022-09-28,France,Red T-shirt,2,96.43
2022-09-30,Spain,Smartphone Case,9,40.66
2022-10-01,France,Sports Watch,6,85.63
2022-10-01,France,Sunglasses,1,88.52
2022-10-02,Netherlands,Sunglasses,2,7.06
2022-10-02,France,Red T-shirt,6,89.42
2022-10-04,Germany,Running Shoes,1,90.32
2022-10-05,Spain,Running Shoes,4,66.23
2022-10-05,Germany,Smartphone Case,7,8.21
2022-10-06,United Kingdom,Smartphone Case,5,39.51
2022-10-06,Germany,Sports Watch,8,24.1
2022-10-06,Germany,Running Shoes,6,35.72
2022-10-06,Germany,Smartphone Case,2,5.85
2022-10-07,Spain,Blue Jeans,9,66.95
2022-10-08,Netherlands,Backpack,8,87.3
2022-10-08,France,Smartphone Case,1,98.8
2022-10-09,France,Sunglasses,5,67.52
2022-10-12,United Kingdom,Backpack,1,64.87
2022-10-12,Netherlands,Smartphone Case,6,28.86
2022-10-13,United Kingdom,Running Shoes,3,96.63
2022-10-14,Netherlands,Blue Jeans,2,49.24
2022-10-14,United Kingdom,Running Shoes,3,53.67
2022-10-15,Germany,Wireless Earbuds,6,99.8
2022-10-16,France,Wireless Earbuds,3,6.32
2022-10-16,Germany,Sports Watch,5,79.82
2022-10-16,United Kingdom,Backpack,1,59.15
2022-10-17,France,Red T-shirt,9,49.76
2022-10-19,United Kingdom,Smartphone Case,5,77.23
2022-10-19,Netherlands,Smartphone Case,8,63.3
2022-10-21,France,Smartphone Case,5,69.13
2022-10-22,Netherlands,Red T-shirt,7,79.41
2022-10-22,United Kingdom,Smartphone Case,3,49.61
2022-10-24,United Kingdom,Backpack,7,39.78
2022-10-25,United Kingdom,Blue Jeans,9,9.7
2022-10-26,United Kingdom,Blue Jeans,5,91.31
2022-10-26,Spain,Running Shoes,2,76.38
2022-10-26,Germany,Running Shoes,4,83.74
2022-10-26,Germany,Backpack,3,56.49
2022-10-27,Netherlands,Smartphone Case,1,69.99
2022-10-28,United Kingdom,Wireless Earbuds,4,85.77
2022-10-29,United Kingdom,Blue Jeans,4,18.64
2022-10-29,Germany,Running Shoes,9,12.87
2022-10-29,Spain,Running Shoes,7,7.65
2022-10-29,Germany,Wireless Earbuds,9,28.73
2022-10-31,United Kingdom,Red T-shirt,9,16.81
2022-10-31,United Kingdom,Smartphone Case,7,28.3
2022-10-31,Germany,Smartphone Case,6,52.35
2022-11-01,United Kingdom,Blue Jeans,4,39.19
2022-11-02,United Kingdom,Blue Jeans,9,93.36
2022-11-03,Netherlands,Smartphone Case,9,93.11
2022-11-05,Spain,Red T-shirt,9,96.02
2022-11-06,Germany,Wireless Earbuds,3,50.58
2022-11-06,France,Sunglasses,5,58.64
2022-11-09,Netherlands,Blue Jeans,5,54.72
2022-11-09,Netherlands,Smartphone Case,3,28.42
2022-11-10,United Kingdom,Smartphone Case,3,32.21
2022-11-11,France,Smartphone Case,8,64.93
2022-11-12,France,Blue Jeans,1,71.46
2022-11-13,Germany,Wireless Earbuds,9,26.45
2022-11-15,Spain,Backpack,7,98.84
2022-11-16,Netherlands,Sports Watch,2,62.87
2022-11-18,Netherlands,Sunglasses,5,76.81
2022-11-18,Germany,Running Shoes,2,53.87
2022-11-19,Spain,Sunglasses,9,69.48
2022-11-19,Spain,Smartphone Case,3,34.69
2022-11-19,Netherlands,Sunglasses,8,30.26
2022-11-19,United Kingdom,Backpack,6,78.51
2022-11-20,United Kingdom,Backpack,4,41.42
2022-11-21,France,Running Shoes,1,90.78
2022-11-21,United Kingdom,Wireless Earbuds,2,56.2
2022-11-21,United Kingdom,Sports Watch,1,64.14
2022-11-21,Germany,Sunglasses,8,47.42
2022-11-22,Spain,Backpack,7,26.74
2022-11-23,Spain,Backpack,8,85.26
2022-11-23,France,Smartphone Case,2,6.42
2022-11-24,Spain,Backpack,7,23.67
2022-11-25,United Kingdom,Running Shoes,4,34.99
2022-11-25,Germany,Running Shoes,7,42.13
2022-11-27,Spain,Wireless Earbuds,5,20.54
2022-11-27,Germany,Sports Watch,3,71.27
2022-11-27,Germany,Wireless Earbuds,9,47.98
2022-11-28,France,Sunglasses,5,78.25
2022-11-28,Netherlands,Backpack,1,27.71
2022-12-01,Germany,Red T-shirt,5,32.24
2022-12-01,United Kingdom,Sunglasses,5,45.25
2022-12-04,Germany,Sunglasses,6,71.24
2022-12-05,United Kingdom,Sunglasses,8,65.91
2022-12-05,France,Blue Jeans,4,66.42
2022-12-10,Spain,Wireless Earbuds,2,73.87
2022-12-10,United Kingdom,Running Shoes,7,39.53
2022-12-12,Germany,Smartphone Case,3,21.7
2022-12-12,Netherlands,Red T-shirt,4,18.22
2022-12-12,France,Sports Watch,9,39.87
2022-12-13,France,Smartphone Case,1,43.05
2022-12-13,Netherlands,Blue Jeans,1,57.79
2022-12-14,United Kingdom,Running Shoes,1,80.48
2022-12-15,Germany,Running Shoes,2,41.07
2022-12-15,United Kingdom,Sports Watch,5,14.73
2022-12-15,United Kingdom,Blue Jeans,4,25.72
2022-12-16,Spain,Smartphone Case,1,68.72
2022-12-17,France,Red T-shirt,7,60.54
2022-12-18,United Kingdom,Sunglasses,6,17.07
2022-12-19,Netherlands,Sports Watch,5,21.88
2022-12-20,United Kingdom,Sports Watch,7,5.89
2022-12-22,France,Sunglasses,1,75.25
2022-12-23,Spain,Sunglasses,2,44.89
2022-12-23,Netherlands,Wireless Earbuds,7,28.54
2022-12-23,Netherlands,Smartphone Case,1,94.81
2022-12-24,Netherlands,Wireless Earbuds,5,68.27
2022-12-29,Netherlands,Red T-shirt,5,36.49
2022-12-29,United Kingdom,Red T-shirt,5,98.96
2022-12-29,Netherlands,Sunglasses,7,28.78
2022-12-29,United Kingdom,Wireless Earbuds,1,8.71
2023-01-01,Spain,Sunglasses,4,40.01
2023-01-01,Netherlands,Red T-shirt,3,91.99
2023-01-01,France,Sports Watch,3,48.4
2023-01-02,United Kingdom,Running Shoes,1,93.6
2023-01-02,France,Running Shoes,4,93.56
2023-01-03,Spain,Backpack,3,37.43
2023-01-04,Netherlands,Sports Watch,5,7.12
2023-01-05,Spain,Smartphone Case,4,87.31
2023-01-06,France,Backpack,7,29.09
2023-01-06,Germany,Blue Jeans,8,53.43
2023-01-06,Germany,Wireless Earbuds,2,67.63
2023-01-06,United Kingdom,Wireless Earbuds,4,8.05
2023-01-07,United Kingdom,Smartphone Case,8,8.73
2023-01-08,Germany,Red T-shirt,4,14.5
2023-01-08,Netherlands,Blue Jeans,4,16.66
2023-01-09,Germany,Running Shoes,6,85.69
2023-01-09,United Kingdom,Blue Jeans,5,8.32
2023-01-10,France,Red T-shirt,6,29.81
2023-01-10,Spain,Blue Jeans,2,85.69
2023-01-13,France,Blue Jeans,4,35.87
2023-01-13,Germany,Running Shoes,6,47.77
2023-01-13,Netherlands,Blue Jeans,5,27.74
2023-01-14,Netherlands,Blue Jeans,6,48.95
2023-01-14,United Kingdom,Backpack,1,16.94
2023-01-15,Netherlands,Sunglasses,7,53.16
2023-01-16,Germany,Running Shoes,3,24.69
2023-01-16,France,Red T-shirt,7,8.92
2023-01-18,Netherlands,Wireless Earbuds,5,48.87
2023-01-18,United Kingdom,Backpack,9,88.25
2023-01-19,United Kingdom,Backpack,6,27.61
2023-01-19,Germany,Red T-shirt,6,20.51
2023-01-20,Germany,Wireless Earbuds,4,26.88
2023-01-20,France,Red T-shirt,5,8.14
2023-01-20,United Kingdom,Wireless Earbuds,6,52.83
2023-01-21,France,Red T-shirt,8,65.13
2023-01-22,Netherlands,Running Shoes,8,30.33
2023-01-22,Germany,Smartphone Case,4,19.51
2023-01-23,France,Sunglasses,7,61.14
2023-01-23,Netherlands,Blue Jeans,8,84.13
2023-01-26,Netherlands,Sunglasses,2,56.96
2023-01-26,Germany,Running Shoes,3,8.11
2023-01-27,Netherlands,Backpack,9,97.92
2023-01-28,France,Smartphone Case,4,53.98
2023-01-28,Spain,Sports Watch,9,60.8
2023-01-29,United Kingdom,Blue Jeans,2,66.04
2023-01-29,Spain,Wireless Earbuds,6,42.73
2023-01-30,Spain,Sunglasses,4,71.59
2023-01-31,Netherlands,Running Shoes,9,90.33
2023-02-02,France,Red T-shirt,3,64.04
2023-02-06,United Kingdom,Backpack,8,68.69
2023-02-07,Spain,Smartphone Case,4,41.98
2023-02-08,Germany,Red T-shirt,1,43.39
2023-02-08,Spain,Running Shoes,3,8.8
2023-02-08,Netherlands,Wireless Earbuds,9,78.31
2023-02-09,Germany,Red T-shirt,6,15.9
2023-02-09,France,Red T-shirt,5,57.18
2023-02-09,United Kingdom,Blue Jeans,4,76.08
2023-02-10,France,Blue Jeans,2,8.07
2023-02-11,France,Sunglasses,1,68.39
2023-02-11,United Kingdom,Backpack,2,53.89
2023-02-12,Spain,Wireless Earbuds,7,87.48
2023-02-12,United Kingdom,Smartphone Case,2,13.26
2023-02-13,United Kingdom,Wireless Earbuds,7,40.14
2023-02-14,Spain,Sunglasses,9,38.86
2023-02-15,Spain,Red T-shirt,3,26.65
2023-02-16,Spain,Sports Watch,9,30.97
2023-02-16,United Kingdom,Red T-shirt,6,20.8
2023-02-18,Netherlands,Running Shoes,2,40.72
2023-02-19,France,Backpack,5,7.87
2023-02-19,United Kingdom,Sunglasses,4,89.62
2023-02-20,United Kingdom,Running Shoes,8,18.59
2023-02-22,Netherlands,Smartphone Case,6,5.07
2023-02-24,United Kingdom,Smartphone Case,1,51.66
2023-02-24,Germany,Backpack,8,16.01
2023-02-26,Netherlands,Backpack,4,16.76
2023-02-26,United Kingdom,Smartphone Case,6,42.23
2023-02-27,United Kingdom,Running Shoes,5,73.95
2023-02-27,Spain,Sports Watch,1,81.7
2023-03-01,Spain,Blue Jeans,9,92.97
2023-03-02,France,Wireless Earbuds,7,51.7
2023-03-02,Germany,Running Shoes,7,36.73
2023-03-03,United Kingdom,Sunglasses,4,59.93
2023-03-03,Germany,Blue Jeans,6,23.44
2023-03-03,Netherlands,Backpack,2,79.81
2023-03-03,United Kingdom,Red T-shirt,2,6.3
2023-03-05,Spain,Smartphone Case,2,62.39
2023-03-06,Germany,Running Shoes,9,94.01
2023-03-06,Spain,Sunglasses,1,5.93
2023-03-09,United Kingdom,Sunglasses,8,40.48
2023-03-10,Spain,Sports Watch,3,66.99
2023-03-11,Spain,Wireless Earbuds,1,77.5
2023-03-12,Spain,Running Shoes,4,37.02
2023-03-12,Germany,Backpack,8,51.89
2023-03-13,France,Sunglasses,2,62.91
2023-03-14,Spain,Sunglasses,1,19.2
2023-03-15,Germany,Smartphone Case,5,96.37
2023-03-16,Netherlands,Sunglasses,5,40.15
2023-03-17,United Kingdom,Wireless Earbuds,1,29.76
2023-03-17,France,Smartphone Case,9,79.88
2023-03-17,France,Red T-shirt,3,38.03
2023-03-18,France,Smartphone Case,2,10.32
2023-03-19,Germany,Red T-shirt,1,20.61
2023-03-19,Netherlands,Wireless Earbuds,3,19.52
2023-03-19,France,Red T-shirt,7,41.65
2023-03-19,Spain,Running Shoes,8,5.5
2023-03-21,Spain,Sports Watch,3,97.76
2023-03-22,Germany,Blue Jeans,9,8.72
2023-03-22,Netherlands,Smartphone Case,4,10.77
2023-03-24,Netherlands,Blue Jeans,1,53.92
2023-03-24,Germany,Red T-shirt,5,23.32
2023-03-27,Netherlands,Sports Watch,6,17.73
2023-03-28,Spain,Red T-shirt,5,26.25
2023-03-29,Netherlands,Running Shoes,7,25.52
2023-03-30,United Kingdom,Sports Watch,8,65.6
2023-03-30,Spain,Running Shoes,5,81.21
2023-03-31,United Kingdom,Wireless Earbuds,5,95.19
2023-03-31,United Kingdom,Wireless Earbuds,4,74.35
2023-04-01,Netherlands,Sports Watch,8,22.09
2023-04-01,France,Sunglasses,4,88.59
2023-04-02,Netherlands,Smartphone Case,6,76.8
2023-04-02,Germany,Blue Jeans,4,97.16
2023-04-04,Germany,Red T-shirt,7,75.69
2023-04-04,France,Sunglasses,8,69.09
2023-04-06,France,Blue Jeans,1,62.66
2023-04-07,United Kingdom,Blue Jeans,4,48.79
2023-04-09,United Kingdom,Sunglasses,8,72.42
2023-04-09,United Kingdom,Blue Jeans,2,77.15
2023-04-09,Netherlands,Blue Jeans,5,63.12
2023-04-09,United Kingdom,Red T-shirt,1,34.18
2023-04-09,Germany,Sports Watch,9,49.38
2023-04-10,France,Red T-shirt,2,55.28
2023-04-10,France,Sports Watch,8,17.02
2023-04-12,Netherlands,Red T-shirt,2,27.37
2023-04-13,Germany,Wireless Earbuds,5,47.9
2023-04-13,Spain,Red T-shirt,1,91.46
2023-04-13,Germany,Running Shoes,4,68.58
2023-04-14,Spain,Sports Watch,8,80.2
2023-04-14,France,Running Shoes,1,90.75
2023-04-15,Germany,Red T-shirt,8,24.09
2023-04-15,Spain,Blue Jeans,8,47.6
2023-04-16,United Kingdom,Smartphone Case,3,58.48
2023-04-16,Netherlands,Red T-shirt,8,92.86
2023-04-17,Netherlands,Blue Jeans,2,39.26
2023-04-17,Spain,Sunglasses,7,52.36
2023-04-18,Germany,Running Shoes,2,16.95
2023-04-19,France,Sunglasses,6,57.76
2023-04-19,France,Wireless Earbuds,8,28.52
2023-04-19,United Kingdom,Backpack,4,86.67
2023-04-20,United Kingdom,Wireless Earbuds,9,30.14
2023-04-21,Spain,Smartphone Case,4,46.31
2023-04-21,France,Sports Watch,9,27.99
2023-04-21,United Kingdom,Red T-shirt,4,32.39
2023-04-21,Netherlands,Sports Watch,5,26.58
2023-04-21,Netherlands,Running Shoes,8,75.42
2023-04-23,Netherlands,Smartphone Case,8,46.35
2023-04-25,Netherlands,Backpack,7,86.7
2023-04-26,Netherlands,Red T-shirt,1,97.93
2023-04-27,Spain,Running Shoes,2,78.67
2023-04-28,United Kingdom,Blue Jeans,8,66.48
2023-04-28,United Kingdom,Blue Jeans,9,88.3
2023-04-29,Germany,Sunglasses,3,15.17
2023-04-30,United Kingdom,Running Shoes,6,34.19
2023-05-01,Spain,Backpack,5,28.18
2023-05-02,Germany,Backpack,6,11.99
2023-05-03,United Kingdom,Sports Watch,6,46.47
2023-05-03,Germany,Smartphone Case,1,83.24
2023-05-05,Spain,Sunglasses,4,9.18
2023-05-05,United Kingdom,Wireless Earbuds,4,95.31
2023-05-06,Spain,Sunglasses,4,27.86
2023-05-07,United Kingdom,Wireless Earbuds,9,99.32
2023-05-07,Netherlands,Sports Watch,2,68.43
2023-05-08,Netherlands,Wireless Earbuds,7,81.22
2023-05-08,France,Smartphone Case,9,90.96
2023-05-09,Netherlands,Running Shoes,2,19.76
2023-05-09,United Kingdom,Red T-shirt,5,5.11
2023-05-09,Netherlands,Sunglasses,2,42.81
2023-05-11,Netherlands,Sunglasses,9,5.89
2023-05-11,Germany,Running Shoes,1,37.82
2023-05-12,Spain,Running Shoes,2,11.19
2023-05-13,Germany,Backpack,5,59.68
2023-05-13,Netherlands,Sports Watch,6,59.64
2023-05-13,Netherlands,Backpack,2,61.16
2023-05-13,Spain,Smartphone Case,4,54.13
2023-05-14,Germany,Blue Jeans,7,17.23
2023-05-16,France,Sunglasses,2,31.0
2023-05-16,Germany,Backpack,7,7.57
2023-05-18,Netherlands,Backpack,1,90.07
2023-05-20,United Kingdom,Sunglasses,4,51.68
2023-05-20,Spain,Red T-shirt,9,38.71
2023-05-20,Spain,Sports Watch,3,24.48
2023-05-21,Germany,Sports Watch,1,40.06
2023-05-21,France,Sunglasses,5,62.35
2023-05-21,Netherlands,Smartphone Case,3,59.19
2023-05-23,United Kingdom,Smartphone Case,7,9.05
2023-05-25,United Kingdom,Wireless Earbuds,4,95.91
2023-05-25,Germany,Red T-shirt,6,93.16
2023-05-26,Spain,Blue Jeans,4,85.03
2023-05-26,Spain,Blue Jeans,5,10.41
2023-05-26,United Kingdom,Red T-shirt,1,44.31
2023-05-27,Netherlands,Sunglasses,7,25.75
2023-05-28,Netherlands,Sports Watch,5,27.08
2023-05-30,United Kingdom,Backpack,5,88.28
2023-06-01,Germany,Backpack,6,20.14
2023-06-02,Spain,Smartphone Case,1,61.14
2023-06-03,Spain,Sports Watch,9,74.51
2023-06-05,Germany,Sports Watch,1,23.69
2023-06-07,Netherlands,Running Shoes,5,29.39
2023-06-08,Spain,Wireless Earbuds,4,73.3
2023-06-08,United Kingdom,Red T-shirt,6,69.93
2023-06-08,France,Backpack,3,90.32
2023-06-08,France,Smartphone Case,3,43.55
2023-06-09,Netherlands,Smartphone Case,4,57.48
2023-06-10,United Kingdom,Red T-shirt,4,94.6
2023-06-10,United Kingdom,Blue Jeans,6,8.59
2023-06-12,France,Running Shoes,4,57.56
2023-06-12,Spain,Smartphone Case,4,80.63
2023-06-12,United Kingdom,Sunglasses,6,79.46
2023-06-12,Spain,Backpack,1,71.07
2023-06-12,Netherlands,Backpack,4,51.56
2023-06-12,Spain,Blue Jeans,1,38.85
2023-06-12,Netherlands,Sunglasses,8,34.93
2023-06-13,United Kingdom,Smartphone Case,6,24.52
2023-06-13,Netherlands,Sunglasses,2,83.55
2023-06-13,Spain,Smartphone Case,4,7.66
2023-06-13,Netherlands,Red T-shirt,8,22.76
2023-06-14,France,Smartphone Case,2,79.92
2023-06-15,Netherlands,Smartphone Case,9,28.52
2023-06-15,United Kingdom,Wireless Earbuds,9,28.22
2023-06-16,United Kingdom,Smartphone Case,8,13.08
2023-06-18,Spain,Sports Watch,2,57.47
2023-06-18,France,Sports Watch,1,18.59
2023-06-19,France,Wireless Earbuds,7,42.45
2023-06-20,Spain,Smartphone Case,1,64.53
2023-06-21,Germany,Sports Watch,5,19.47
2023-06-22,Netherlands,Smartphone Case,4,84.89
2023-06-26,Spain,Running Shoes,9,70.11
2023-06-26,Netherlands,Wireless Earbuds,6,59.63
2023-06-27,France,Wireless Earbuds,5,53.68
2023-06-27,Netherlands,Sunglasses,5,78.5
2023-06-27,Netherlands,Backpack,2,98.33
2023-06-28,Germany,Backpack,2,33.83
2023-06-28,France,Sunglasses,6,38.28
2023-06-28,United Kingdom,Sports Watch,1,68.51
2023-06-28,Germany,Smartphone Case,5,56.85
2023-06-28,United Kingdom,Wireless Earbuds,8,98.8
2023-06-29,Germany,Running Shoes,8,92.77
2023-06-29,Spain,Backpack,3,54.96
2023-06-29,France,Sports Watch,2,8.38
2023-06-30,United Kingdom,Red T-shirt,2,98.61
2023-06-30,United Kingdom,Smartphone Case,2,79.63
2023-07-01,Germany,Wireless Earbuds,6,93.57
2023-07-02,Spain,Running Shoes,2,36.41
2023-07-02,France,Smartphone Case,4,28.0
2023-07-02,Netherlands,Red T-shirt,9,56.28
2023-07-03,Germany,Sunglasses,8,35.34
2023-07-03,Netherlands,Smartphone Case,2,16.21
2023-07-03,Spain,Sunglasses,6,16.37
2023-07-04,France,Running Shoes,5,46.39
2023-07-05,Netherlands,Wireless Earbuds,4,8.57
2023-07-06,Netherlands,Smartphone Case,4,10.78
2023-07-06,Spain,Sports Watch,4,9.86
2023-07-08,United Kingdom,Sports Watch,5,23.66
2023-07-09,Netherlands,Red T-shirt,9,16.73
2023-07-09,Netherlands,Sports Watch,7,12.12
2023-07-10,Germany,Red T-shirt,7,59.85
2023-07-12,Netherlands,Sports Watch,2,21.9
2023-07-12,Netherlands,Sunglasses,8,97.44
2023-07-12,Spain,Sunglasses,5,82.48
2023-07-12,Netherlands,Smartphone Case,3,66.18
2023-07-13,Netherlands,Backpack,4,72.7
2023-07-14,United Kingdom,Sports Watch,7,94.77
2023-07-16,France,Blue Jeans,4,72.57
2023-07-18,Germany,Backpack,4,67.57
2023-07-19,United Kingdom,Sports Watch,6,54.97
2023-07-20,Germany,Running Shoes,3,54.63
2023-07-21,Netherlands,Sports Watch,5,56.4
2023-07-21,France,Sports Watch,5,9.3
2023-07-22,United Kingdom,Backpack,6,45.86
2023-07-22,Germany,Sunglasses,4,76.88
2023-07-23,United Kingdom,Smartphone Case,8,23.96
2023-07-23,United Kingdom,Wireless Earbuds,4,31.17
2023-07-23,United Kingdom,Running Shoes,6,98.39
2023-07-25,Spain,Backpack,1,72.1
2023-07-25,Netherlands,Backpack,5,12.63
2023-07-29,France,Running Shoes,9,61.54
2023-07-30,United Kingdom,Sports Watch,6,74.71
2023-07-30,France,Backpack,9,71.88
2023-08-03,Netherlands,Sports Watch,8,40.88
2023-08-04,United Kingdom,Blue Jeans,9,7.76
2023-08-04,Netherlands,Blue Jeans,9,31.03
2023-08-04,Germany,Sunglasses,9,83.86
2023-08-05,France,Smartphone Case,9,33.62
2023-08-05,Netherlands,Backpack,7,27.07
2023-08-06,Netherlands,Backpack,3,94.81
2023-08-08,France,Wireless Earbuds,3,19.94
2023-08-10,France,Running Shoes,9,37.09
2023-08-10,Spain,Sunglasses,6,62.72
2023-08-10,Germany,Sunglasses,3,63.91
2023-08-11,United Kingdom,Running Shoes,4,30.31
2023-08-11,Germany,Sunglasses,8,57.42
2023-08-12,Germany,Red T-shirt,8,34.96
2023-08-12,United Kingdom,Sports Watch,4,8.24
2023-08-12,United Kingdom,Running Shoes,9,26.89
2023-08-13,Netherlands,Sunglasses,6,17.77
2023-08-15,Germany,Sunglasses,5,79.04
2023-08-20,United Kingdom,Blue Jeans,5,47.6
2023-08-23,Germany,Backpack,9,14.0
2023-08-24,Spain,Sunglasses,4,76.56
2023-08-25,France,Blue Jeans,3,67.34
2023-08-27,France,Smartphone Case,7,30.17
2023-08-27,United Kingdom,Backpack,6,45.12
2023-08-27,France,Blue Jeans,4,17.32
2023-08-27,Germany,Sports Watch,3,77.57
2023-08-28,United Kingdom,Smartphone Case,6,14.04
2023-08-29,United Kingdom,Red T-shirt,8,21.85
2023-08-29,Netherlands,Sunglasses,5,87.02
2023-08-31,Netherlands,Sports Watch,9,62.8
2023-09-01,United Kingdom,Smartphone Case,6,50.73
2023-09-01,Spain,Sports Watch,5,41.6
2023-09-01,Germany,Blue Jeans,9,15.09
2023-09-02,Spain,Wireless Earbuds,5,63.37
2023-09-02,United Kingdom,Wireless Earbuds,8,83.22
2023-09-03,Germany,Running Shoes,2,44.19
2023-09-05,Netherlands,Backpack,1,26.07
2023-09-05,Germany,Sunglasses,4,58.4
2023-09-05,Netherlands,Sunglasses,4,11.54
2023-09-06,United Kingdom,Smartphone Case,4,15.01
2023-09-06,Germany,Sunglasses,6,92.96
2023-09-07,France,Smartphone Case,8,33.44
2023-09-07,Spain,Red T-shirt,4,83.16
2023-09-08,Spain,Red T-shirt,8,28.04
2023-09-09,Netherlands,Sunglasses,3,11.91
2023-09-09,France,Smartphone Case,9,42.5
2023-09-10,France,Running Shoes,9,91.61
2023-09-12,France,Running Shoes,6,73.22
2023-09-12,Spain,Wireless Earbuds,4,53.09
2023-09-12,France,Red T-shirt,3,12.18
2023-09-12,France,Red T-shirt,7,60.63
2023-09-13,Spain,Red T-shirt,7,31.61
2023-09-13,Spain,Sunglasses,3,9.37
2023-09-13,Germany,Sports Watch,6,5.97
2023-09-14,United Kingdom,Red T-shirt,3,75.94
2023-09-14,France,Backpack,3,71.91
2023-09-14,Germany,Blue Jeans,9,50.11
2023-09-14,United Kingdom,Sunglasses,2,78.28
2023-09-16,United Kingdom,Blue Jeans,3,97.86
2023-09-16,Germany,Sunglasses,8,42.28
2023-09-18,Spain,Smartphone Case,3,41.71
2023-09-18,Spain,Sports Watch,1,75.66
2023-09-19,France,Wireless Earbuds,8,15.15
2023-09-19,Spain,Blue Jeans,9,43.42
2023-09-20,France,Blue Jeans,1,19.38
2023-09-21,Netherlands,Backpack,4,8.25
2023-09-22,Spain,Blue Jeans,5,84.43
2023-09-22,Netherlands,Sports Watch,1,35.15
2023-09-22,Germany,Blue Jeans,1,76.96
2023-09-22,Spain,Running Shoes,4,70.03
2023-09-23,United Kingdom,Smartphone Case,7,71.36
2023-09-23,Germany,Sunglasses,2,18.7
2023-09-24,Netherlands,Blue Jeans,4,74.9
2023-09-25,France,Blue Jeans,3,17.81
2023-09-26,Spain,Backpack,5,24.06
2023-09-27,United Kingdom,Smartphone Case,3,66.1
2023-09-27,Germany,Blue Jeans,1,84.06
2023-09-28,Netherlands,Smartphone Case,2,78.35
2023-09-29,France,Blue Jeans,5,13.77
2023-09-29,United Kingdom,Backpack,8,29.19
2023-10-01,United Kingdom,Red T-shirt,3,71.5
2023-10-01,Spain,Red T-shirt,8,33.77
2023-10-02,Netherlands,Wireless Earbuds,2,46.88
2023-10-02,Germany,Red T-shirt,1,80.58
2023-10-03,Germany,Sunglasses,5,14.89
2023-10-03,France,Sunglasses,6,85.47
2023-10-04,United Kingdom,Red T-shirt,1,30.61
2023-10-04,United Kingdom,Backpack,4,84.78
2023-10-05,France,Backpack,6,28.99
2023-10-06,Spain,Red T-shirt,6,66.22
2023-10-06,France,Wireless Earbuds,2,37.58
2023-10-07,Spain,Running Shoes,2,74.4
2023-10-07,France,Sunglasses,2,43.62
2023-10-07,Spain,Sunglasses,9,50.31
2023-10-07,France,Sports Watch,8,6.22
2023-10-07,Netherlands,Backpack,6,21.97
2023-10-10,Netherlands,Red T-shirt,3,68.76
2023-10-10,France,Sunglasses,4,64.63
2023-10-11,United Kingdom,Wireless Earbuds,5,90.66
2023-10-12,Netherlands,Running Shoes,4,88.96
2023-10-13,Netherlands,Sunglasses,9,77.75
2023-10-13,Spain,Backpack,3,26.21
2023-10-13,Spain,Running Shoes,9,99.67
2023-10-13,United Kingdom,Blue Jeans,7,50.22
2023-10-14,Germany,Running Shoes,8,77.34
2023-10-15,Spain,Red T-shirt,5,58.18
2023-10-16,United Kingdom,Running Shoes,3,92.81
2023-10-17,Netherlands,Backpack,7,93.8
2023-10-17,Spain,Sunglasses,2,92.43
2023-10-18,Germany,Sports Watch,5,24.42
2023-10-18,Netherlands,Running Shoes,6,19.88
2023-10-19,Netherlands,Smartphone Case,7,9.41
2023-10-19,Germany,Sports Watch,6,52.17
2023-10-19,United Kingdom,Backpack,8,48.01
2023-10-20,Netherlands,Blue Jeans,4,26.03
2023-10-22,United Kingdom,Wireless Earbuds,9,99.81
2023-10-22,Spain,Wireless Earbuds,5,12.75
2023-10-22,Spain,Running Shoes,2,25.78
2023-10-23,United Kingdom,Sports Watch,3,21.36
2023-10-24,Netherlands,Blue Jeans,1,55.57
2023-10-24,France,Wireless Earbuds,1,98.16
2023-10-25,Germany,Blue Jeans,7,97.19
2023-10-26,Germany,Red T-shirt,7,5.01
2023-10-26,Germany,Red T-shirt,7,71.0
2023-10-27,United Kingdom,Running Shoes,1,26.78
2023-10-28,Spain,Blue Jeans,7,56.52
2023-10-30,United Kingdom,Running Shoes,5,86.0
2023-10-30,United Kingdom,Backpack,5,71.2
2023-10-31,Netherlands,Red T-shirt,2,16.1
2023-11-01,France,Wireless Earbuds,1,6.91
2023-11-01,United Kingdom,Blue Jeans,3,28.98
2023-11-02,Germany,Smartphone Case,6,66.26
2023-11-02,Netherlands,Running Shoes,8,97.03
2023-11-03,Germany,Sunglasses,3,39.8
2023-11-03,France,Sports Watch,8,44.99
2023-11-04,Netherlands,Sunglasses,8,20.63
2023-11-05,Netherlands,Sunglasses,1,37.28
2023-11-06,Netherlands,Smartphone Case,7,34.32
2023-11-06,France,Sunglasses,1,19.06
2023-11-08,Germany,Red T-shirt,1,99.34
2023-11-08,United Kingdom,Running Shoes,6,67.53
2023-11-09,United Kingdom,Smartphone Case,2,41.16
2023-11-09,Netherlands,Wireless Earbuds,3,94.13
2023-11-09,Netherlands,Sunglasses,3,77.19
2023-11-10,Germany,Sports Watch,3,40.45
2023-11-11,United Kingdom,Red T-shirt,4,89.15
2023-11-11,France,Running Shoes,3,89.7
2023-11-11,United Kingdom,Blue Jeans,6,91.33
2023-11-11,Netherlands,Running Shoes,9,10.73
2023-11-11,Netherlands,Sports Watch,1,70.97
2023-11-11,Germany,Red T-shirt,3,95.34
2023-11-11,Spain,Sports Watch,1,32.28
2023-11-12,Netherlands,Sunglasses,7,66.33
2023-11-13,Germany,Sports Watch,4,97.28
2023-11-13,United Kingdom,Sports Watch,1,8.87
2023-11-14,Spain,Wireless Earbuds,1,81.91
2023-11-16,Germany,Sunglasses,3,38.9
2023-11-18,Germany,Red T-shirt,5,98.14
2023-11-19,Germany,Blue Jeans,4,65.01
2023-11-19,France,Smartphone Case,8,67.9
2023-11-19,United Kingdom,Running Shoes,3,73.51
2023-11-21,Germany,Blue Jeans,6,51.15
2023-11-22,United Kingdom,Smartphone Case,8,57.4
2023-11-23,Spain,Wireless Earbuds,6,15.47
2023-11-23,France,Sports Watch,4,89.09
2023-11-24,United Kingdom,Running Shoes,4,68.95
2023-11-24,Spain,Blue Jeans,9,77.27
2023-11-24,Spain,Smartphone Case,2,53.09
2023-11-25,Netherlands,Sunglasses,5,60.2
2023-11-26,United Kingdom,Smartphone Case,3,94.59
2023-11-27,France,Red T-shirt,3,26.98
2023-11-29,Germany,Wireless Earbuds,1,93.43
2023-11-30,Germany,Blue Jeans,9,92.45
2023-11-30,Spain,Running Shoes,4,52.21
2023-12-01,Germany,Red T-shirt,4,27.32
2023-12-01,United Kingdom,Red T-shirt,7,89.3
2023-12-01,Netherlands,Wireless Earbuds,6,40.27
2023-12-01,Netherlands,Sports Watch,1,34.57
2023-12-01,United Kingdom,Sunglasses,6,37.63
2023-12-02,France,Backpack,9,71.11
2023-12-02,United Kingdom,Wireless Earbuds,1,21.05
2023-12-02,Spain,Blue Jeans,8,96.56
2023-12-03,France,Red T-shirt,6,13.0
2023-12-03,United Kingdom,Sports Watch,7,62.72
2023-12-04,Germany,Red T-shirt,7,83.26
2023-12-05,Germany,Sports Watch,8,33.63
2023-12-07,France,Sports Watch,1,45.87
2023-12-07,France,Backpack,2,39.12
2023-12-07,United Kingdom,Red T-shirt,6,66.4
2023-12-08,Spain,Backpack,9,66.87
2023-12-08,France,Red T-shirt,9,54.48
2023-12-08,Spain,Sports Watch,7,20.43
2023-12-10,Germany,Running Shoes,4,73.2
2023-12-11,Spain,Red T-shirt,2,23.52
2023-12-11,Netherlands,Red T-shirt,7,97.79
2023-12-13,France,Backpack,6,34.11
2023-12-13,United Kingdom,Smartphone Case,6,69.71
2023-12-14,France,Sports Watch,9,29.01
2023-12-14,Netherlands,Wireless Earbuds,8,16.3
2023-12-14,France,Red T-shirt,2,85.15
2023-12-14,Germany,Wireless Earbuds,5,82.9
2023-12-14,Spain,Red T-shirt,5,87.03
2023-12-15,Netherlands,Sports Watch,1,74.3
2023-12-15,France,Sunglasses,6,44.18
2023-12-15,Spain,Backpack,7,70.91
2023-12-16,United Kingdom,Running Shoes,7,91.82
2023-12-16,Spain,Smartphone Case,3,9.27
2023-12-16,Netherlands,Wireless Earbuds,4,34.34
2023-12-17,United Kingdom,Smartphone Case,2,78.12
2023-12-18,Germany,Blue Jeans,1,7.84
2023-12-18,France,Running Shoes,1,6.69
2023-12-18,Spain,Smartphone Case,4,96.68
2023-12-18,United Kingdom,Red T-shirt,7,59.54
2023-12-19,United Kingdom,Running Shoes,6,60.86
2023-12-25,United Kingdom,Sports Watch,1,72.98
2023-12-26,Netherlands,Backpack,8,24.82
2023-12-26,Germany,Backpack,4,46.87
2023-12-27,Spain,Sports Watch,5,55.46
2023-12-27,Spain,Sunglasses,7,42.7
2023-12-27,France,Smartphone Case,3,13.0
2023-12-28,Spain,Red T-shirt,9,94.12
2023-12-28,Germany,Sports Watch,7,64.07
2023-12-29,France,Backpack,5,65.89
2023-12-29,Netherlands,Smartphone Case,2,16.19
2023-12-29,Netherlands,Sports Watch,4,85.62
2023-12-30,Germany,Sports Watch,4,35.78
2023-12-30,United Kingdom,Wireless Earbuds,8,92.98
